Point_Index,X,Y,Z
0,-0.8391112276248109,6.453867549007416,0.0
1,-13.901103944367636,4.895028912029877,0.0
2,-7.343231057772474,1.0785619042572865,0.0
3,6.25629222344536,5.325053363609889,0.0
4,1.0959988044852347,3.766214726632351,0.0
5,5.1274780380478315,1.0785619042572865,0.0
6,9.911500061875447,2.9599188799198277,0.0
7,-7.242696716298704,5.460494939940655,0.0

Line_Index,Start_Point_Index,End_Point_Index
0,1,2
1,7,1
2,7,0
3,0,4
4,4,2
5,0,3
6,0,2
7,4,3
8,3,6
9,6,5
10,5,4
11,5,3
