Point_Index,X,Y,Z
0,2.4193143584345265,0.3218625275923971,0.0
1,1.508974747562486,0.3077261719454245,0.0
2,1.5023362812940566,0.7352238205974148,0.0
3,0.797776574900634,0.29668221627860025,0.0
4,0.7859518407570087,1.0581602200722164,0.0
5,0.38459297217695987,0.290266027983768,0.0

Line_Index,Start_Point_Index,End_Point_Index
0,0,2
1,0,1
2,1,2
3,1,3
4,2,4
5,3,4
6,4,5
7,3,5
