Point_Index,X,Y,Z
0,2.3558363787770698,0.3428998837068822,0.0
1,1.44538701518037,0.3428998837068822,0.0
2,1.44538701518037,0.7704490724996775,0.0
3,0.7341030987627923,1.104469693113136,0.0
4,0.0885471287084636,0.3428998837068822,0.0
5,1.189644013911129,0.6167232392447806,0.0
6,0.358460066752067,0.661319283909857,0.0

Line_Index,Start_Point_Index,End_Point_Index
